"Message",Low,"Starting .NET Native compilation"
"Message",Low,""
"Message",Low,""
"Message",Low,"Task ""Gatekeeper"""
"Message",Normal,"Launching 'C:\Program Files (x86)\Microsoft SDKs\UWPNuGetPackages\microsoft.net.native.compiler\1.7.3\tools\x86\ilc\Tools\Gatekeeper.exe @""C:\Users\ecneb\Documents\Udalosti\Udalosti\obj\x86\Release\ilc\intermediate\gkargs.rsp""'"
"Message",Low,"Microsoft (R) .NET Native Gatekeeper Version 1.7.25927.00 "
"Message",Low,"Copyright (C) Microsoft Corporation.  All rights reserved. "
"Message",Low," "
"Message",Low,"Checking assembly 'C:\Users\ecneb\Documents\Udalosti\Udalosti\obj\x86\Release\ilc\in\Newtonsoft.Json.dll'. "
"Message",Low,"Checking assembly 'C:\Users\ecneb\Documents\Udalosti\Udalosti\obj\x86\Release\ilc\in\SQLite.Net.dll'. "
"Message",Low,"Checking assembly 'C:\Users\ecneb\Documents\Udalosti\Udalosti\obj\x86\Release\ilc\in\SQLite.Net.Platform.WinRT.dll'. "
"Message",Low,"Checking assembly 'C:\Users\ecneb\Documents\Udalosti\Udalosti\obj\x86\Release\ilc\in\Udalosti.exe'. "
"Message",Normal,"'C:\Program Files (x86)\Microsoft SDKs\UWPNuGetPackages\microsoft.net.native.compiler\1.7.3\tools\x86\ilc\Tools\Gatekeeper.exe @""C:\Users\ecneb\Documents\Udalosti\Udalosti\obj\x86\Release\ilc\intermediate\gkargs.rsp""' completed."
"Message",Normal,"Process execution statistics (all times in milliseconds)"
"Message",Normal,"-----------------------------------------------------------------------------"
"Message",Normal,"launch  |  start   |   stop   |   end    | duration | lifetime | [slot] name"
"Message",Normal,"-----------------------------------------------------------------------------"
"Message",Normal,"       0 |       16 |     1313 |     1313 |     1297 |     1313 | [0] Gatekeeper"
"Message",Normal,"Number of commands:      1"
"Message",Normal,"Total system time:       1313 ms"
"Message",Normal,"System time per command: 1313 ms"
"Message",Normal,"Total duration:          1297 ms"
"Message",Normal,"Total lifetime:          1313 ms"
"Message",Normal,"Requested DOP:           4"
"Message",Normal,"Duration DOP:            1.0"
"Message",Normal,"Lifetime DOP:            1.0"
"Message",Low,"Done executing task ""Gatekeeper""."
"Message",Low,"Done building target ""RunGatekeeper"" in file ""Preparation""."
"Message",Low,""
"Message",Low,"Task ""InjectWindowsRuntimeTypeForwards"""
"Message",Normal,"Running 'InjectWindowsRuntimeTypeForwards' transform, heap at 14 MB."
"Message",Normal,"Running 'WriteAssemblies' transform, heap at 11 MB."
"Message",Normal,""
"Message",Normal,"Transform summary"
"Message",Normal,"    ms | heap delta | name"
"Message",Normal,"  1040 |         -3 | InjectWindowsRuntimeTypeForwards"
"Message",Normal,"   503 |          2 | WriteAssemblies"
"Message",Low,"Done executing task ""InjectWindowsRuntimeTypeForwards""."
"Message",Low,"Done building target ""InjectWindowRuntimeTypeForwards"" in file ""Preparation""."
"Message",Low,""
"Message",Low,"Task ""PreResolveAssemblyClosure"""
"Message",Low,"Done executing task ""PreResolveAssemblyClosure""."
"Message",Low,"Task ""PreResolveTransforms"""
"Message",Normal,"Running 'ResolveSelfReferences' transform, heap at 24 MB."
"Message",Normal,"Running 'RemoveDuplicateMembers' transform, heap at 55 MB."
"Message",Normal,"Running 'PortableLib' transform, heap at 55 MB."
"Message",Normal,"Running 'WriteAssemblies' transform, heap at 92 MB."
"Message",Normal,""
"Message",Normal,"Transform summary"
"Message",Normal,"    ms | heap delta | name"
"Message",Normal,"   490 |         31 | ResolveSelfReferences"
"Message",Normal,"   373 |         37 | PortableLib"
"Message",Normal,"   241 |          9 | WriteAssemblies"
"Message",Normal,"     0 |          0 | RemoveDuplicateMembers"
"Message",Low,"Done executing task ""PreResolveTransforms""."
"Message",Low,"Done building target ""PreResolveTransforms"" in file ""Preparation""."
"Message",Low,""
"Message",Low,"Task ""InitialAssemblyClosure"""
"Message",Low,"Done executing task ""InitialAssemblyClosure""."
"Message",Low,"Task ""ResolveInitialReferencesAssemblyClosure1"""
"Message",Low,"Done executing task ""ResolveInitialReferencesAssemblyClosure1""."
"Message",Low,"Task ""ResolveInitialReferencesAssemblyClosure2"""
"Message",Low,"Done executing task ""ResolveInitialReferencesAssemblyClosure2""."
"Message",Low,"Done building target ""ResolveInitialReferences"" in file ""Preparation""."
"Message",Low,"Done building project ""Preparation""."
"Message",Low,""
"Message",Low,""
"Message",High,"Processing application code"
"Message",Low,"Task ""ValidateSimpleNames"""
"Message",Low,"Done executing task ""ValidateSimpleNames""."
"Message",Low,"Task ""McgContractsResolveFilePath"""
"Message",Low,"Done executing task ""McgContractsResolveFilePath""."
"Message",Low,"Task ""McgFacadeResolveFilePath"""
"Message",Low,"Done executing task ""McgFacadeResolveFilePath""."
"Message",Low,"Task ""FinalAssemblyClosureRootsResolveFilePaths"""
"Message",Low,"Done executing task ""FinalAssemblyClosureRootsResolveFilePaths""."
"Message",Low,"Task ""FinalAssemblyClosure"""
"Message",Low,"Done executing task ""FinalAssemblyClosure""."
"Message",Low,"Task ""RunILTransforms"""
"Message",Normal,"Running 'Analysis' transform, heap at 13 MB."
"Message",Low,"Loading 91 modules..."
"Message",Normal,"Imported reflection directives from 15 files:"
"Message",Normal,"C:\Users\ecneb\Documents\Udalosti\Udalosti\obj\x86\Release\ilc\in\Properties\Default.rd.xml"
"Message",Normal,"Embedded manifest in System.Diagnostics.Tracing: Resources.System.Diagnostics.Tracing.rd.xml"
"Message",Normal,"Embedded manifest in System.Private.Reflection: System.Private.Reflection.rd.xml"
"Message",Normal,"Embedded manifest in System.Private.CoreLib: Resources.System.Private.CoreLib.rd.xml"
"Message",Normal,"Embedded manifest in System.Private.Uri: Resources.System.Private.Uri.rd.xml"
"Message",Normal,"Embedded manifest in System.Private.Reflection.Core: System.Private.Reflection.Core.rd.xml"
"Message",Normal,"Embedded manifest in System.Linq.Expressions: Resources.System.Linq.Expressions.rd.xml"
"Message",Normal,"Embedded manifest in System.Xml.XDocument: System.Xml.Resources.System.Xml.XDocument.rd.xml"
"Message",Normal,"Embedded manifest in System.Runtime.Serialization.Primitives: System.Runtime.Serialization.Primitives.Resources.System.Runtime.Serialization.Primitives.rd.xml"
"Message",Normal,"Embedded manifest in System.Xml.ReaderWriter: System.Xml.Resources.System.Xml.ReaderWriter.rd.xml"
"Message",Normal,"Embedded manifest in System.Dynamic.Runtime: Resources.System.Dynamic.Runtime.rd.xml"
"Message",Normal,"Embedded manifest in Microsoft.CSharp: Microsoft.CSharp.Resources.Microsoft.CSharp.rd.xml"
"Message",Normal,"Embedded manifest in System.Private.PortableThunks: Resources.System.Private.PortableThunks.rd.xml"
"Message",Normal,"Embedded manifest in System.Private.Interop: Resources.System.Private.Interop.rd.xml"
"Message",Normal,"Newtonsoft.Json"
"Message",Normal,"Imported XAML Roots from 1 files:"
"Message",Normal,"C:\Users\ecneb\Documents\Udalosti\Udalosti\obj\x86\Release\ilc\in\Udalosti.xr.xml"
"Message",Normal,"Running 'Mcg' transform, heap at 208 MB."
"Message",High,"Computing application closure and generating interop code"
"Message",Normal,"  List of .lib files:"
"Message",Normal,"      WindowsApp.lib"
"Message",Normal,"      winsqlite3.lib"
"Message",Normal,"  List of .lib search paths:"
"Message",Normal,"      C:\Program Files (x86)\Windows Kits\10\lib\10.0.17134.0\um\x86"
"Message",Normal,"  Loading exports from libs..."
"Message",Normal,"      3181 exports read from 'C:\Program Files (x86)\Windows Kits\10\lib\10.0.17134.0\um\x86\WindowsApp.lib'."
"Message",Normal,"      243 exports read from 'C:\Program Files (x86)\Windows Kits\10\lib\10.0.17134.0\um\x86\winsqlite3.lib'."
"Message",High,"  Loading 91 modules..."
"Message",Normal,"          P/Invoke 'sqlite3_open' resolved to 'sqlite3!sqlite3_open' from 'sqlite3'."
"Message",Normal,"          P/Invoke 'sqlite3_open_v2' resolved to 'sqlite3!sqlite3_open_v2' from 'sqlite3'."
"Message",Normal,"          P/Invoke 'sqlite3_open_v2' resolved to 'sqlite3!sqlite3_open_v2' from 'sqlite3'."
"Message",Normal,"          P/Invoke 'sqlite3_open16' resolved to 'sqlite3!sqlite3_open16' from 'sqlite3'."
"Message",Normal,"          P/Invoke 'sqlite3_close' resolved to 'sqlite3!sqlite3_close' from 'sqlite3'."
"Message",Normal,"          P/Invoke 'sqlite3_config' resolved to 'sqlite3!sqlite3_config' from 'sqlite3'."
"Message",Normal,"          P/Invoke 'sqlite3_win32_set_directory' resolved to 'sqlite3!sqlite3_win32_set_directory' from 'sqlite3'."
"Message",Normal,"          P/Invoke 'sqlite3_busy_timeout' resolved to 'sqlite3!sqlite3_busy_timeout' from 'sqlite3'."
"Message",Normal,"          P/Invoke 'sqlite3_changes' resolved to 'sqlite3!sqlite3_changes' from 'sqlite3'."
"Message",Normal,"          P/Invoke 'sqlite3_prepare_v2' resolved to 'sqlite3!sqlite3_prepare_v2' from 'sqlite3'."
"Message",Normal,"          P/Invoke 'sqlite3_step' resolved to 'sqlite3!sqlite3_step' from 'sqlite3'."
"Message",Normal,"          P/Invoke 'sqlite3_reset' resolved to 'sqlite3!sqlite3_reset' from 'sqlite3'."
"Message",Normal,"          P/Invoke 'sqlite3_finalize' resolved to 'sqlite3!sqlite3_finalize' from 'sqlite3'."
"Message",Normal,"          P/Invoke 'sqlite3_last_insert_rowid' resolved to 'sqlite3!sqlite3_last_insert_rowid' from 'sqlite3'."
"Message",Normal,"          P/Invoke 'sqlite3_errmsg16' resolved to 'sqlite3!sqlite3_errmsg16' from 'sqlite3'."
"Message",Normal,"          P/Invoke 'sqlite3_bind_parameter_index' resolved to 'sqlite3!sqlite3_bind_parameter_index' from 'sqlite3'."
"Message",Normal,"          P/Invoke 'sqlite3_bind_null' resolved to 'sqlite3!sqlite3_bind_null' from 'sqlite3'."
"Message",Normal,"          P/Invoke 'sqlite3_bind_int' resolved to 'sqlite3!sqlite3_bind_int' from 'sqlite3'."
"Message",Normal,"          P/Invoke 'sqlite3_bind_int64' resolved to 'sqlite3!sqlite3_bind_int64' from 'sqlite3'."
"Message",Normal,"          P/Invoke 'sqlite3_bind_double' resolved to 'sqlite3!sqlite3_bind_double' from 'sqlite3'."
"Message",Normal,"          P/Invoke 'sqlite3_bind_text16' resolved to 'sqlite3!sqlite3_bind_text16' from 'sqlite3'."
"Message",Normal,"          P/Invoke 'sqlite3_bind_blob' resolved to 'sqlite3!sqlite3_bind_blob' from 'sqlite3'."
"Message",Normal,"          P/Invoke 'sqlite3_column_count' resolved to 'sqlite3!sqlite3_column_count' from 'sqlite3'."
"Message",Normal,"          P/Invoke 'sqlite3_column_name' resolved to 'sqlite3!sqlite3_column_name' from 'sqlite3'."
"Message",Normal,"          P/Invoke 'sqlite3_column_name16' resolved to 'sqlite3!sqlite3_column_name16' from 'sqlite3'."
"Message",Normal,"          P/Invoke 'sqlite3_column_type' resolved to 'sqlite3!sqlite3_column_type' from 'sqlite3'."
"Message",Normal,"          P/Invoke 'sqlite3_column_int' resolved to 'sqlite3!sqlite3_column_int' from 'sqlite3'."
"Message",Normal,"          P/Invoke 'sqlite3_column_int64' resolved to 'sqlite3!sqlite3_column_int64' from 'sqlite3'."
"Message",Normal,"          P/Invoke 'sqlite3_column_double' resolved to 'sqlite3!sqlite3_column_double' from 'sqlite3'."
"Message",Normal,"          P/Invoke 'sqlite3_column_text' resolved to 'sqlite3!sqlite3_column_text' from 'sqlite3'."
"Message",Normal,"          P/Invoke 'sqlite3_column_text16' resolved to 'sqlite3!sqlite3_column_text16' from 'sqlite3'."
"Message",Normal,"          P/Invoke 'sqlite3_column_blob' resolved to 'sqlite3!sqlite3_column_blob' from 'sqlite3'."
"Message",Normal,"          P/Invoke 'sqlite3_column_bytes' resolved to 'sqlite3!sqlite3_column_bytes' from 'sqlite3'."
"Message",Normal,"          P/Invoke 'sqlite3_extended_errcode' resolved to 'sqlite3!sqlite3_extended_errcode' from 'sqlite3'."
"Message",Normal,"          P/Invoke 'sqlite3_libversion_number' resolved to 'sqlite3!sqlite3_libversion_number' from 'sqlite3'."
"Message",Normal,"          P/Invoke 'sqlite3_sourceid' resolved to 'sqlite3!sqlite3_sourceid' from 'sqlite3'."
"Message",Normal,"          P/Invoke 'sqlite3_backup_init' resolved to 'sqlite3!sqlite3_backup_init' from 'sqlite3'."
"Message",Normal,"          P/Invoke 'sqlite3_backup_step' resolved to 'sqlite3!sqlite3_backup_step' from 'sqlite3'."
"Message",Normal,"          P/Invoke 'sqlite3_backup_finish' resolved to 'sqlite3!sqlite3_backup_finish' from 'sqlite3'."
"Message",Normal,"          P/Invoke 'sqlite3_backup_remaining' resolved to 'sqlite3!sqlite3_backup_remaining' from 'sqlite3'."
"Message",Normal,"          P/Invoke 'sqlite3_backup_pagecount' resolved to 'sqlite3!sqlite3_backup_pagecount' from 'sqlite3'."
"Message",Normal,"          P/Invoke 'sqlite3_sleep' resolved to 'sqlite3!sqlite3_sleep' from 'sqlite3'."
"Message",Normal,"          P/Invoke 'RhWaitForPendingFinalizers' with [DllImport(ExactSpelling=true)] resolved to '[MRT]!RhWaitForPendingFinalizers'."
"Message",Normal,"          P/Invoke 'RhYield' with [DllImport(ExactSpelling=true)] resolved to '[MRT]!RhYield'."
"Message",Normal,"          P/Invoke 'RhCompatibleReentrantWaitAny' with [DllImport(ExactSpelling=true)] resolved to '[MRT]!RhCompatibleReentrantWaitAny'."
"Message",Normal,"          P/Invoke '_ecvt_s' with [DllImport(ExactSpelling=true)] resolved to '[MRT]!_ecvt_s'."
"Message",Normal,"          P/Invoke 'memmove' with [DllImport(ExactSpelling=true)] resolved to '[MRT]!memmove'."
"Message",Normal,"          P/Invoke 'CallingConventionConverter_GetStubs' with [DllImport(ExactSpelling=true)] resolved to '*!CallingConventionConverter_GetStubs'."
"Message",Normal,"          P/Invoke 'GetLastError' resolved to 'api-ms-win-core-errorhandling-l1-1-0.dll!GetLastError' from 'C:\Program Files (x86)\Windows Kits\10\lib\10.0.17134.0\um\x86\WindowsApp.lib'."
"Message",Normal,"          P/Invoke 'RoInitialize' resolved to 'api-ms-win-core-winrt-l1-1-0.dll!RoInitialize' from 'C:\Program Files (x86)\Windows Kits\10\lib\10.0.17134.0\um\x86\WindowsApp.lib'."
"Message",Normal,"          P/Invoke 'IsValidLocaleName' resolved to 'api-ms-win-core-localization-l1-2-0.dll!IsValidLocaleName' from 'C:\Program Files (x86)\Windows Kits\10\lib\10.0.17134.0\um\x86\WindowsApp.lib'."
"Message",Normal,"          P/Invoke 'ResolveLocaleName' resolved to 'api-ms-win-core-localization-l1-2-0.dll!ResolveLocaleName' from 'C:\Program Files (x86)\Windows Kits\10\lib\10.0.17134.0\um\x86\WindowsApp.lib'."
"Message",Normal,"          P/Invoke 'GetCPInfoExW' resolved to 'api-ms-win-core-localization-l1-2-0.dll!GetCPInfoExW' from 'C:\Program Files (x86)\Windows Kits\10\lib\10.0.17134.0\um\x86\WindowsApp.lib'."
"Message",Normal,"          P/Invoke 'CoCreateInstance' with [DllImport(ExactSpelling=true)] resolved to 'api-ms-win-core-com-l1-1-0.dll!CoCreateInstance'."
"Message",Normal,"          P/Invoke '#6' resolved to 'oleaut32.dll!#6' from 'C:\Program Files (x86)\Windows Kits\10\lib\10.0.17134.0\um\x86\WindowsApp.lib'."
"Message",Normal,"          P/Invoke 'RtlIpv6AddressToStringExW' resolved to 'ntdll.dll!RtlIpv6AddressToStringExW' from 'C:\Program Files (x86)\Windows Kits\10\lib\10.0.17134.0\um\x86\WindowsApp.lib'."
"Message",Normal,"          P/Invoke 'RtlIpv4AddressToStringExW' resolved to 'ntdll.dll!RtlIpv4AddressToStringExW' from 'C:\Program Files (x86)\Windows Kits\10\lib\10.0.17134.0\um\x86\WindowsApp.lib'."
"Message",Normal,"          P/Invoke 'RoGetBufferMarshaler' resolved to 'api-ms-win-core-winrt-robuffer-l1-1-0.dll!RoGetBufferMarshaler' from 'C:\Program Files (x86)\Windows Kits\10\lib\10.0.17134.0\um\x86\WindowsApp.lib'."
"Message",Normal,"          P/Invoke 'FormatMessageW' resolved to 'api-ms-win-core-localization-l1-2-0.dll!FormatMessageW' from 'C:\Program Files (x86)\Windows Kits\10\lib\10.0.17134.0\um\x86\WindowsApp.lib'."
"Message",High,"  Generating code..."
"Message",High,"  Interop code generated."
"Message",Normal,"  Written code to AssemblyInfo.g.cs"
"Message",Normal,"  Written code to Adapters.g.cs"
"Message",Normal,"  Written code to Data.g.cs"
"Message",Normal,"  Written code to Helpers.g.cs"
"Message",Normal,"  Written code to ImplTypes.g.cs"
"Message",Normal,"  Written code to PInvoke.g.cs"
"Message",Normal,"  Written code to SafeTypes.g.cs"
"Message",Normal,"  Written code to SharedStubs.g.cs"
"Message",Normal,"Running 'GenerateCodeAndCompile' transform, heap at 186 MB."
"Message",High,"Generating serialization code"
"Message",High,"Compiling interop code"
"Message",Normal,"Compiling generated source code: C:\Program Files (x86)\Microsoft SDKs\UWPNuGetPackages\microsoft.net.native.compiler\1.7.3\tools\x86\ilc\csc\csc.exe /noconfig @""C:\Users\ecneb\Documents\Udalosti\Udalosti\obj\x86\Release\ilc\intermediate\Udalosti.McgInterop.rsp"""
"Message",High,"Generating System.Reflection.DispatchProxy proxy code."
"Message",Normal,"Running 'DumpNativeResources' transform, heap at 186 MB."
"Message",Normal,"Running 'ReducedCopyInitialize' transform, heap at 186 MB."
"Message",Normal,"Running 'ReducedCopyEmptyTypes' transform, heap at 211 MB."
"Message",Normal,"Running 'ReducedCopyPopulateTypes' transform, heap at 214 MB."
"Message",Normal,"Running 'ReducedCopyLateMetadata' transform, heap at 234 MB."
"Message",Normal,"Running 'ReducedCopyMethodBodies' transform, heap at 248 MB."
"Message",Normal,"Running 'ReducedCopyComplete' transform, heap at 231 MB."
"Message",Normal,"Running 'ReducedCopyCleanup' transform, heap at 254 MB."
"Message",Normal,"Running 'DeveloperExperienceModeOnlyCodeRemover' transform, heap at 65 MB."
"Message",Normal,"Running 'ComImportDetector' transform, heap at 72 MB."
"Message",Normal,"Running 'McgAccessor' transform, heap at 72 MB."
"Message",Normal,"Running 'McgRedirect' transform, heap at 73 MB."
"Message",Normal,"Running 'McgRedirect' transform, heap at 77 MB."
"Message",Normal,"Running 'McgTypeOf' transform, heap at 78 MB."
"Message",Normal,"Running 'ExceptionMiniaturizer' transform, heap at 83 MB."
"Message",Normal,"Running 'EventSource' transform, heap at 93 MB."
"Message",Normal,"Running 'ValueType' transform, heap at 94 MB."
"Message",Normal,"Running 'Attribute' transform, heap at 94 MB."
"Message",Normal,"Running 'GetType' transform, heap at 94 MB."
"Message",Normal,"Running 'McgFixups' transform, heap at 95 MB."
"Message",Normal,"Running 'ResourceManagerCtor' transform, heap at 95 MB."
"Message",Normal,"Running 'TypeofTypeHandle' transform, heap at 96 MB."
"Message",Normal,"Running 'DispatchProxyIntrinsics' transform, heap at 99 MB."
"Message",Normal,"Running 'StaticInitData' transform, heap at 99 MB."
"Message",Normal,"Running 'StartupCodeInjector' transform, heap at 107 MB."
"Message",Normal,"Running 'InjectAppContextSwitches' transform, heap at 107 MB."
"Message",Normal,"Running 'ImplementLibraryDynamicInvokeHelpers' transform, heap at 107 MB."
"Message",Normal,"Running 'Delegate' transform, heap at 107 MB."
"Message",Normal,"Running 'DelegateCtorCall' transform, heap at 113 MB."
"Message",Normal,"Running 'LazyGenerics' transform, heap at 115 MB."
"Message",Normal,"Running 'AddReflectionBlockedAttributes' transform, heap at 134 MB."
"Message",Normal,"Running 'DisableOptimization' transform, heap at 134 MB."
"Message",Normal,"Running 'CreateMetadata' transform, heap at 134 MB."
"Message",Normal,"Running 'SaveRVAStatics' transform, heap at 171 MB."
"Message",Normal,"Running 'ReflectionInvoke' transform, heap at 172 MB."
"Message",Normal,"Running 'ScrubOpenCalls' transform, heap at 174 MB."
"Message",Normal,"Running 'ConvertCatchIntoFilter' transform, heap at 175 MB."
"Message",Normal,"Running 'ReflectionMappingInfoEmit' transform, heap at 175 MB."
"Message",Normal,"Running 'ConvertManagedWinMD' transform, heap at 178 MB."
"Message",Normal,"Running 'Reducer' transform, heap at 178 MB."
"Message",High,"Cleaning up unreferenced code"
"Message",Normal,"Running 'WriteAssemblies' transform, heap at 185 MB."
"Message",Normal,""
"Message",Normal,"Transform summary"
"Message",Normal,"    ms | heap delta | name"
"Message",Normal," 10186 |        195 | Analysis"
"Message",Normal,"  9522 |          0 | GenerateCodeAndCompile"
"Message",Normal,"  4711 |        -14 | WriteAssemblies"
"Message",Normal,"  1921 |         25 | ReducedCopyInitialize"
"Message",Normal,"  1891 |          7 | Reducer"
"Message",Normal,"  1386 |        -22 | Mcg"
"Message",Normal,"   672 |         37 | CreateMetadata"
"Message",Normal,"   406 |        -17 | ReducedCopyMethodBodies"
"Message",Normal,"   337 |          5 | McgTypeOf"
"Message",Normal,"   284 |         23 | ReducedCopyComplete"
"Message",Normal,"   166 |         20 | ReducedCopyPopulateTypes"
"Message",Normal,"   131 |         19 | LazyGenerics"
"Message",Normal,"   121 |       -189 | ReducedCopyCleanup"
"Message",Normal,"    95 |          8 | StaticInitData"
"Message",Normal,"    94 |         14 | ReducedCopyLateMetadata"
"Message",Normal,"    93 |          4 | McgRedirect"
"Message",Normal,"    57 |          1 | McgRedirect"
"Message",Normal,"    46 |          3 | TypeofTypeHandle"
"Message",Normal,"    43 |         10 | ExceptionMiniaturizer"
"Message",Normal,"    31 |          2 | DelegateCtorCall"
"Message",Normal,"    28 |          6 | Delegate"
"Message",Normal,"    20 |          1 | SaveRVAStatics"
"Message",Normal,"    17 |          3 | ReducedCopyEmptyTypes"
"Message",Normal,"    11 |          1 | GetType"
"Message",Normal,"    11 |          0 | DumpNativeResources"
"Message",Normal,"    11 |          7 | DeveloperExperienceModeOnlyCodeRemover"
"Message",Normal,"    10 |          1 | ScrubOpenCalls"
"Message",Normal,"     9 |          0 | DispatchProxyIntrinsics"
"Message",Normal,"     9 |          3 | ReflectionMappingInfoEmit"
"Message",Normal,"     8 |          1 | McgAccessor"
"Message",Normal,"     8 |          2 | ReflectionInvoke"
"Message",Normal,"     7 |          0 | McgFixups"
"Message",Normal,"     4 |          0 | ConvertCatchIntoFilter"
"Message",Normal,"     3 |          0 | ValueType"
"Message",Normal,"     3 |          0 | Attribute"
"Message",Normal,"     2 |          1 | EventSource"
"Message",Normal,"     2 |          0 | StartupCodeInjector"
"Message",Normal,"     0 |          1 | ResourceManagerCtor"
"Message",Normal,"     0 |          0 | ConvertManagedWinMD"
"Message",Normal,"     0 |          0 | ImplementLibraryDynamicInvokeHelpers"
"Message",Normal,"     0 |          0 | InjectAppContextSwitches"
"Message",Normal,"     0 |          0 | AddReflectionBlockedAttributes"
"Message",Normal,"     0 |          0 | ComImportDetector"
"Message",Normal,"     0 |          0 | DisableOptimization"
"Message",Low,"Done executing task ""RunILTransforms""."
"Message",Low,"Done building target ""RunILTransforms"" in file ""ILTransforms""."
"Message",Low,"Done building project ""ILTransforms""."
"Message",Low,""
"Message",Low,""
"Message",Low,"Done building target ""GenerateMDIL"" in file ""Nutc""."
"Message",Low,""
"Message",High,"Generating native code"
"Message",Low,"Done building target ""MDILPrepareMultiFile"" in file ""Nutc""."
"Message",Low,""
"Message",Low,"Done building target ""SetBinaryForReferences"" in file ""Nutc""."
"Message",Low,""
"Message",Low,"Task ""GenerateMDILGlobalAnalysis"""
"Message",Normal,"Launching 'C:\Program Files (x86)\Microsoft SDKs\UWPNuGetPackages\microsoft.net.native.compiler\1.7.3\tools\x86\ilc\Tools\nutc_driver.exe @""C:\Users\ecneb\Documents\Udalosti\Udalosti\obj\x86\Release\ilc\intermediate\MDIL\Udalosti.rsp""'"
"Message",Low,"Microsoft (R) MDIL Compiler - Version 1.7.25927.00"
"Message",Low,"Copyright (c) Microsoft Corporation.  All rights reserved."
"Message",Low,"Scanning input types"
"Message",Low,"Scanning 10506 methods."
"Message",Low,"Scanning 3707 methods."
"Message",Low,"Scanning 2020 methods."
"Message",Low,"Scanning 1219 methods."
"Message",Low,"Scanning 2408 methods."
"Message",Low,"Scanning 1585 methods."
"Message",Low,"Scanning 983 methods."
"Message",Low,"Scanning 769 methods."
"Message",Low,"Scanning 984 methods."
"Message",Low,"Scanning 932 methods."
"Message",Low,"Scanning 856 methods."
"Message",Low,"Scanning 560 methods."
"Message",Low,"Scanning 453 methods."
"Message",Low,"Scanning 251 methods."
"Message",Low,"Scanning 148 methods."
"Message",Low,"Scanning 63 methods."
"Message",Low,"Scanning 57 methods."
"Message",Low,"Scanning 29 methods."
"Message",Low,"Scanning 18 methods."
"Message",Low,"Scanning 6 methods."
"Message",Low,"Scanning 1 methods."
"Message",Low,"Scanning 1 methods."
"Message",Low,"Eager code generation"
"Message",Low,"Compiling 27556 methods."
"Message",Low,"Deferred code generation"
"Message",Low,"Compiling 4 methods."
"Message",Low,"Compiling 30 methods."
"Message",Low,"Successfully generated 'C:\Users\ecneb\Documents\Udalosti\Udalosti\obj\x86\Release\ilc\intermediate\MDIL\Udalosti.mdilexe'"
"Message",Low,"Successfully generated 'C:\Users\ecneb\Documents\Udalosti\Udalosti\obj\x86\Release\ilc\intermediate\MDIL\Udalosti.mdilpdb'"
"Message",Normal,"'C:\Program Files (x86)\Microsoft SDKs\UWPNuGetPackages\microsoft.net.native.compiler\1.7.3\tools\x86\ilc\Tools\nutc_driver.exe @""C:\Users\ecneb\Documents\Udalosti\Udalosti\obj\x86\Release\ilc\intermediate\MDIL\Udalosti.rsp""' completed."
"Message",Normal,"Process execution statistics (all times in milliseconds)"
"Message",Normal,"-----------------------------------------------------------------------------"
"Message",Normal,"launch  |  start   |   stop   |   end    | duration | lifetime | [slot] name"
"Message",Normal,"-----------------------------------------------------------------------------"
"Message",Normal,"       0 |      109 |    26406 |    26406 |    26297 |    26406 | [0] Nutc GlobalAnalysis"
"Message",Normal,"Number of commands:      1"
"Message",Normal,"Total system time:       26406 ms"
"Message",Normal,"System time per command: 26406 ms"
"Message",Normal,"Total duration:          26297 ms"
"Message",Normal,"Total lifetime:          26406 ms"
"Message",Normal,"Requested DOP:           4"
"Message",Normal,"Duration DOP:            1.0"
"Message",Normal,"Lifetime DOP:            1.0"
"Message",Low,"Done executing task ""GenerateMDILGlobalAnalysis""."
"Message",Low,"Done building target ""GenerateMDILGlobalAnalysis"" in file ""Nutc""."
"Message",Low,""
"Message",Low,"Task ""rc"""
"Message",Normal,"Launching 'C:\Program Files (x86)\Windows Kits\10\bin\10.0.17134.0\x64\rc.exe /c ""65001"" /r /fo ""C:\Users\ecneb\Documents\Udalosti\Udalosti\obj\x86\Release\ilc\intermediate\BuildInfo\BuildInfo.res"" ""C:\Users\ecneb\Documents\Udalosti\Udalosti\obj\x86\Release\ilc\intermediate\BuildInfo\BuildInfo.rc""'"
"Message",Low,"Microsoft (R) Windows (R) Resource Compiler Version 10.0.10011.16384"
"Message",Low,"Copyright (C) Microsoft Corporation.  All rights reserved."
"Message",Normal,"'C:\Program Files (x86)\Windows Kits\10\bin\10.0.17134.0\x64\rc.exe /c ""65001"" /r /fo ""C:\Users\ecneb\Documents\Udalosti\Udalosti\obj\x86\Release\ilc\intermediate\BuildInfo\BuildInfo.res"" ""C:\Users\ecneb\Documents\Udalosti\Udalosti\obj\x86\Release\ilc\intermediate\BuildInfo\BuildInfo.rc""' completed."
"Message",Normal,"Process execution statistics (all times in milliseconds)"
"Message",Normal,"-----------------------------------------------------------------------------"
"Message",Normal,"launch  |  start   |   stop   |   end    | duration | lifetime | [slot] name"
"Message",Normal,"-----------------------------------------------------------------------------"
"Message",Normal,"       0 |       31 |      141 |      141 |      110 |      141 | [0] rc"
"Message",Normal,"Number of commands:      1"
"Message",Normal,"Total system time:       141 ms"
"Message",Normal,"System time per command: 141 ms"
"Message",Normal,"Total duration:          110 ms"
"Message",Normal,"Total lifetime:          141 ms"
"Message",Normal,"Requested DOP:           4"
"Message",Normal,"Duration DOP:            0.8"
"Message",Normal,"Lifetime DOP:            1.0"
"Message",Low,"Done executing task ""rc""."
"Message",Low,"Task ""ResourceBinaryConcatenate"""
"Message",Normal,"Concatenating into 'C:\Users\ecneb\Documents\Udalosti\Udalosti\obj\x86\Release\ilc\intermediate\Native.res' with alignment '4'."
"Message",Normal," Added 'C:\Users\ecneb\Documents\Udalosti\Udalosti\obj\x86\Release\ilc\intermediate\ILTransformed\Udalosti.res' at offset 0."
"Message",Normal," Added 'C:\Users\ecneb\Documents\Udalosti\Udalosti\obj\x86\Release\ilc\intermediate\BuildInfo\BuildInfo.res' at offset 1384."
"Message",Low,"Done executing task ""ResourceBinaryConcatenate""."
"Message",Low,"Done building target ""GenerateBuildInfo"" in file ""Nutc""."
"Message",Low,"Done building project ""Nutc""."
"Message",Low,""
"Message",Low,""
"Message",Low,"Done building target ""MDILBindPrepare"" in file ""Binder""."
"Message",Low,""
"Message",High,"Generating fixups for native code"
"Message",Low,"Task ""MDILBind"""
"Message",Normal,"Launching 'C:\Program Files (x86)\Microsoft SDKs\UWPNuGetPackages\microsoft.net.native.compiler\1.7.3\tools\x86\ilc\Tools\rhbind.exe @""C:\Users\ecneb\Documents\Udalosti\Udalosti\obj\x86\Release\ilc\intermediate\rhbindargs.Udalosti.rsp""'"
"Message",Low,"OS VERSION: major: 6  minor: 2"
"Message",Low,"MDIL: C:\Users\ecneb\Documents\Udalosti\Udalosti\obj\x86\Release\ilc\intermediate\MDIL\Udalosti.mdilexe"
"Message",Low,"MDILPDB: C:\Users\ecneb\Documents\Udalosti\Udalosti\obj\x86\Release\ilc\intermediate\MDIL\Udalosti.mdilpdb"
"Message",Low,"IL: C:\Users\ecneb\Documents\Udalosti\Udalosti\obj\x86\Release\ilc\intermediate\MDIL\Udalosti.ilexe"
"Message",Low,"NI: C:\Users\ecneb\Documents\Udalosti\Udalosti\obj\x86\Release\ilc\intermediate\Native\Udalosti.dll"
"Message",Low,"SHIM: C:\Users\ecneb\Documents\Udalosti\Udalosti\obj\x86\Release\ilc\intermediate\Native\Udalosti.exe"
"Message",Low,"REDHAWK_RUNTIME_DLL_NAME_A=mrt100_app.dll"
"Message",Low,"pdb: C:\Users\ecneb\Documents\Udalosti\Udalosti\obj\x86\Release\ilc\intermediate\Native\Udalosti.pdb"
"Message",Low,"Produced C:\Users\ecneb\Documents\Udalosti\Udalosti\obj\x86\Release\ilc\intermediate\Native\Udalosti.dll in 2.422 seconds"
"Message",Normal,"'C:\Program Files (x86)\Microsoft SDKs\UWPNuGetPackages\microsoft.net.native.compiler\1.7.3\tools\x86\ilc\Tools\rhbind.exe @""C:\Users\ecneb\Documents\Udalosti\Udalosti\obj\x86\Release\ilc\intermediate\rhbindargs.Udalosti.rsp""' completed."
"Message",Normal,"Process execution statistics (all times in milliseconds)"
"Message",Normal,"-----------------------------------------------------------------------------"
"Message",Normal,"launch  |  start   |   stop   |   end    | duration | lifetime | [slot] name"
"Message",Normal,"-----------------------------------------------------------------------------"
"Message",Normal,"       0 |        0 |     2469 |     2469 |     2469 |     2469 | [0] rhbind Udalosti"
"Message",Normal,"Number of commands:      1"
"Message",Normal,"Total system time:       2469 ms"
"Message",Normal,"System time per command: 2469 ms"
"Message",Normal,"Total duration:          2469 ms"
"Message",Normal,"Total lifetime:          2469 ms"
"Message",Normal,"Requested DOP:           4"
"Message",Normal,"Duration DOP:            1.0"
"Message",Normal,"Lifetime DOP:            1.0"
"Message",Low,"Done executing task ""MDILBind""."
"Message",Low,"Done building target ""MDILBind"" in file ""Binder""."
"Message",Low,"Done building project ""Binder""."
"Message",Low,""
"Message",Low,""
"Message",Low,"Done building target ""CopyNativeExecutablesToOutput"" in file ""Deployment""."
"Message",Low,""
"Message",Low,"Task ""TransformAppxManifest"""
"Message",Low,"Done executing task ""TransformAppxManifest""."
"Message",Low,"Done building target ""TransformAppxManifestAndAddCrt"" in file ""Deployment""."
"Message",Low,""
"Message",Low,"Done building target ""CopyPackageResourceFileInRetailBuild"" in file ""Deployment""."
"Message",Low,"Done building project ""Deployment""."
"Message",Low,"Compilation finished"
